,PORTION BAGS,,,,,
Pb2e,2lb. Poly bags    ,1000pcs,,,,
Pb3ea,3lb poly bags  ,1000pcs,,,,
Pb4ea,4lb.  Poly bags ,1000pcs,,,,
Pb5e,5lb poly bags,500pcs,,,,
Pb6e,6lb poly bags,500pcs,,,,
Pb8e,8 lb. Poly bags ,500pcs,,,,
Pb9e,9lb. Poly bags ,500pcs,,,,
Pb10e,10 lb poly bags,500pcs,,,,
Pb11e,11lb poly bags,500pcs,,,,
Pb12e,12 lb poly bags,500pcs,,,,
,BREAD BAGS,,,,,
Wicked10,10x20        Wicketed   bags,2000ctn,,,,
Wicked12,12x 171/ 8 Wicketed  bags,2500ctn,,,,
Wicked13,13x20        Wicketed   bags,1500ctn,,,,
Wicked14,10x14        (hot/ham),2500ctn,,,,
Wicked15x18,15x18        Wicketed  bags,2500ctn,,,,
,"DELI , BAKERY,GREASEPROOF BAGS ",,,,,
saddlebag,Plain saddle bags,2000ctn,,,,
delibag8,Deli bags  (printed) 8+8+2 lip,2000ctn,,,,
delibagspr,Deli bags  (printed) 10?x9? ,2000ctn,,,,
z iplock,Deli zip lock  bags 10x8,1000ctn,,,,
sandwichbag7,Greases proof sandwich bags 6x31/4x7  (small),1000ctn,,,,
sandwichbag9,Greases proof sandwich bags 6x2x9      (large),1000ctn,,,,
Sandwich6k,6.75x6.75 greaseproof  kraft bags,        1000pcs,,,,
sub,Printed submarine bag 4.5x2x16,1000ctn,,,,
baguette,Baguette bread bag with window (4x2x24),1000ctn,,,,
foilg,Foil garlic bag  (5x2x19),500ctn,,,,
bbq,Foil barbeque bags (5.5x3.5x12.5)  ,500ctn,,,,
vbag,Perferated   bag (6?x24)?  ,1000ctn,,,,
,KRAFT  BAGS,,,,,
Bag3,Brown paper bag 3lb,500pcs,,,,
Bag5,Brown paper bag 5lb,500pcs,,,,
bag8,Brown paper bag 8lb,500pcs,,,,
bag10,Brown paper bag 10lb,500pcs,,,,
bags,Kraft shopper with handle  (10x5x13),250ctn,,,,
bags12,Kraft shopper with handle (12x7x17),300ctn,,,,
sanisac,Brown wax disposable (sanisacs) (7x4x10) ,500pcs,,,,
,T-SHIRT/PRODUCE BAGS/TAKE OUT,,,,,
S5ld,T-shirt S5  (LDPE)    ,1000ctn,,,,
ts5,T -shirt bags  S5  (HDPE),2000ctn,,,,
S11bags,T shirt bags  S11 ,500ctn,,,,
S5,Printed t-shirt s5 (HDPE)  ,1000ctn,,,,
S1hd,T shirt bags  S1 (HD),4000ctn,,,,
sr,T shirt bags on roll (8.25x19)  8 x600  ,4800pcs,,,,
prodrolls,Star produce rolls    (4x750),3000ctn,,,,
frostedbag,Frosted take out bags,500ctn,,,,
,ICE BAGS,,,,,
iceb,Ice bag 10lb Printed (2 mil),1000ctn,,,,
,GARBAGE BAGS,,,,,
g20c,20x22 Clear utility,500pcs,,,,
g22b,22x24  Black utility,500pcs,,,,
g24,24x22 White utility     ,500pcs,,,,
g30br,30x38(black/regular),250pcs,,,,
g30cs,30x38(clear /strong),200pcs,,,,
g26cr,26x36 (clear/regular),250pcs,,,,
g26br,26x36 (black/Regular) ,250pcs,,,,
g26brb,26X36(black/Regular / Biodegradable ,250pcs,,,,
g26bs,26x36 (black/strong),200pcs,,,,
g26bx,26x36 (black x/strong),150pcs,,,,
,,,,,,
g35cro,35x47(clear/regular) ,250pcs,,,,
g35cso,35x50(clear/ strong),200pcs,,,,
g35cxo,35x47clear/x strong,150pcs,,,,
g35cxx,35x47clear xx strong,100pcs,,,,
g35bh,35x50 black  (Heavy duty) ,100pcs,,,,
g35br,35x47 black regular,200pcs,,,,
g35bro,35x47 black regular ,250pcs,,,,
g35bs,35x47 black strong,Not in stock,,,,
g35bso,35x47 black strong,200pcs,,,,
g35bx,35x47black x-strong,125pcs,,,,
g35bxo,35x47 black/x strong,150pcs,,,,
g35bxx,35x47 black/xx-strong,100pcs,,,,
,,,,,,
g35cxf,35x47 clear x-strong  FDA,150pcs,,,,
g35bxb,35x47 black/x-strong /Biodegradable ,150pcs,,,,
,,,,,,
g42bs,42x48 black/ strong,100pcs,,,,
g42bx,42x48 black/x strong,100pcs,,,,
g42cr,42x48 clear  regular,200pcs,,,,
g42cx,42x48 clear x strong,100pcs,,,,
g42cs,42x48 clear cl r/strong,200pcs,,,,
,DAY BAGS,,,,,
   Portion8m,Monday Portion day               (large)(8.5x8.5),2500pcs,,,,
Portion8t,Tuesday Portion day               (large)(8.5x8.5),2500pcs,,,,
Portion8w,Wednesday Portion day          (large)(8.5x8.5),2500pcs,,,,
Portion8th,Thursday Portion day             (large)(8.5x8.5),2500pcs,,,,
Portion8f,Friday Portion day                  (large)(8.5x8.5),2500pcs,,,,
Portion8s,Saturday Portion day              (large)(8.5x8.5),2500pcs,,,,
Portion8su,Sunday Portion day                (large)(8.5x8.5),2500pcs,,,,
Portion6m,Monday Portion day              (small)(6.5x6.5),2500pcs,,,,
Portion6t,Tuesday Portion day              (small)(6.5x6.5),2500pcs,,,,
Portion6w,Wednesday Portion day         (small)(6.5x6.5),2500pcs,,,,
Portion6th,Thursday Portion day             (small)(6.5x6.5),2500pcs,,,,
Portion6f,Friday Portion day                 (small)(6.5x6.5),2500pcs,,,,
Portion6s,Saturday Portion day             (small)(6.5x6.5),2500pcs,,,,
Portion6su,Sunday Portion day               (small)(6.5x6.5),2500pcs,,,,
,*****GLOVES *****,,,,,
vgle,Vinyl gloves (large) ,100pk,,,,
vgme,Vinyl gloves (medium),100pk,,,,
vglxe,Vinyl gloves (x-large),100pk,,,,
vgse,Vinyl gloves (small),100pk,,,,
vglepf,Vinyl gloves powder free    (large) ,100pk,,,,
vgmepf,Vinyl gloves powder free    (medium),100pk,,,,
vgsepf,Vinyl gloves powder free    (small),100pk,,,,
vgxlepf,Vinyl gloves powder free    (x large),100pk,,,,
lgle,Latex gloves (large) ,100pk,,,,
lgme,Latex gloves (medium) ,100pk,,,,
lgse,Latex gloves (small) ,100pk,,,,
lgxle,Latex gloves (xlarge) ,100pk,,,,
pgle,Poly gloves - (large) ,500pk,,,,
pgme,Poly gloves-  (medium),500pk,,,,
pgse,Poly gloves - (small),500pk,,,,
pglec,Poly gloves-  ( large)     1000pk,1000pk,,,,
pgmec,Poly gloves   (medium) 1000pk,1000pk,,,,
pgsec,Poly  gloves  (small)     1000pk,1000pk,,,,
nitrilspf,Nitril gloves powder free  (small),100pk,,,,
nitrilxlpf,Nitril gloves powder free (xlarge),100pk,,,,
nitrilelpf,Nitril gloves powder free  (large),100pk,,,,
nitrilmpf,Nitril gloves powder free  (medium),100pk,,,,
gfly,Flock lined  (yellow) **large**      (dishes),12 pair,,,,
gflym,Flock lined (yellow) **medium**  (dishes),12 pair,,,,
gflys,Flock lined (yellow)** small**      (dishes),12 pair,,,,
,TAKE OUT FOAM CONTAINERS,,,,,
fst2,Foam  8X8  Fst2  medium (white),200ctn,,,,
fst23,Foam  8x8 medium** 3 comp**  (white),200ctn,,,,
fst3,Foam Fst3  9x9   comp   (white)  ,200ctn,,,,
fst33,Foam  9x9   **3 comp** (white),200ctn,,,,
fst3b,Foam Fst3   9x9  (black) ,200ctn,,,,
fst33b,Foam 9x9 **3 comp** (black) ,200ctn,,,,
fst3v,Foam 9x9 **Vented**  ,200ctn,,,,
fst5 sq5,Foam 5X5 (Sq5) (5/1/4x51/4x27/8) ,500ctn,,,,
sp8,Foam (Hotdog)  SP8 (8X4X3),500ctn,,,,
fst1,Foam   Fst1   (87/8x5 5/8x27/8)   (white)  ,250ctn,,,,
fst6b,Fst6  6x6  hamburger  (black),500ctn,,,,
fst6,Fst6  6x6  hamburger (white),500ctn,,,,
, FOAM SOUP BOWLS,,,,,
foam 8,8 oz Foam soup container    (FC25-8) ,500ctn,,,,
foam 12,12 oz Foam soup container  (FC25-12)  ,500ctn,,,,
foam16,16 oz Foam soup container  (FC25-16),500ctn,,,,
,DELI CONTAINERS (ROUND),,,,,
deli8, 8  oz  deli container( round)  ,500ctn,,,,
deli16,16 oz  deli container (round)   ,500ctn,,,,
deli32,32 oz  deli container (round)   ,500ctn,,,,
,DELI CONTAINERS (RECTANGULAR),,,,,
deli8R,8 oz   deli Combo (Rectangular) (HC08),600ctn,,,,
deli16R,16oz  deli Combo (Rectangular) (HC16),600ctn,,,,
deli24r,24 oz deli Combo (Rectangular) ,300ctn,,,,
deli32R,32 oz deli Combo (Rectangular)  (HC32),200ctn,,,,
Deli48R,48 oz deli Combo  (Rectangular) (HC48),200ctn,,,,
,"MUFFINS , DANISH , SANDWICH CONTAINERS",,,,,
Danish/garlic,Danish / garlic bread hinged containers (pf01-06)  ,200ctn,,,,
muf4,Clear hinged 6pk muffin / 4 oz/ pf0202,300ctn,,,,
pf0201,Clear hinged container  pf0201,250ctn,,,,
strudel,12? Hoagie/Strudel hinged container  ,250ctn,,,,
lunchboxex,Lunchbox extra deep hinged  (pf0101),500ctn,,,,
lunchboxsh,Lunchbox shallow hinged  (pp2010/0103),500ctn,,,,
sandwichlg,Sandwich  hinged container (large) ,1000ctn,,,,
,CHICKEN ROASTER,,,,,
roasterc,Chicken  roaster combo ,      200ctn,,,,
,PRINTED DELI CONTAINERS,,,,,
pineapple,Pineapple container (Printed),     500ctn,,,,
,PAPER SOUP BOWLS,,,,,
soup12,Paper Soup cup combo  (12 OZ) ,    250ctn,,,,
,TAKE OUT PLASTIC CLEAR TOPS,,,,,
7round,7? Round  black containers  (R23) ,150ctn,,,,
9round,9? Round black  containers  (48oz),150ctn,,,,
rec28b,Rectangular black container  28oz  (k68)  ,150ctn,,,,
rec38black,Rectangular black container  (38z)  (k88),150ctn,,,,
,CLAMSHELLS SALAD CONTAINERS.,,,,,
clam5,5? Clamshell clear,500ctn,,,,
clam6,6? Clamshell clear,500ctn,,,,
clam8,8? Clamshell clear,250ctn,,,,
clam9,9? Clamshell clear  ,250ctn,,,,
clam93,9?Clamshell clear 3 Compartment,200ctn,,,,
,TAKE OUT PAPER BOXES AND TRAYS,,,,,
save200,Save-a day food tray  #200,500ctn,,,,
save300,Save-a- day food tray  #300,500ctn,,,,
dinnerbox,Dinner box plain (9x4x31/4x21/2),250ctn,,,,
snackbox,Snack box plain (61/2x41/2x21/4)  ,400ctn,,,,
tray4,4 cup Paprus tray ,360ctn,,,,
carry,Carry out tray ,350ctn,,,,
,,,,,,
,PIZZA BOXES AND TRAYS,,,,,
pizza9,9? Pizza boxes   9x9x2,,,,50ctn,
pizza12,12? Pizza boxes ,,,,50ctn,
pizza14,14? Pizza boxes,,,,50ctn,
pizza16,16? Pizza boxes,,,,50ctn,
pizza s,9? Plain Pizza slice box  (clamshell) ,,,,200ctn,
pizza t,Pizza slice tray (card lock style) ,,,,500ctn,
,Cake TRAYS,,,,,
Cake8,8? dome cake base  (2-3layers) combo ,,,,100ctn,
,TAKE OUT PAPER BOXES AND TRAYS,,,,,
kraftb1,Kraft bio pack #1,,,,450ctn,
kraftb2,Kraft bio pack #2 ,,,,200ctn,
kraftb4,Kraft bio pack #4,,,,160ctn,
,FOIL AND PIE PAN,,,,,
214foil,2 ¬  oblong foil,,,,500ctn,
pans1,Foil pan   (1 lb),,,,1000ctn,
steamf,Full steam table,,,,50ctn,
steam12,Half steam table,,,,100ctn,
foil9,Foil container 9? round ,,,,500ctn,
pie5,Pie pan Deep 5? (Tart),,,,1000ctn ,
pie9,Pie pan Deep 9?,,,,500ctn,
Pie10,Pie pan Deep 10?,,,,500ctn,
,PORTION CUPS,,,,,
cups1,1oz         Portion   (Translucent) ,,,,5000ctn,
cups1e,1 oz        Portion   (Translucent) Sleeves,,,,,
cups1.5,1.5 oz     Portion   (Translucent),,,,5000ctn,
cups2.5,2.5 oz     Portion   (Translucent),,,,2500ctn,
cups,2  oz       Portion   (Translucent),,,,2500ctn,
cups2b,2 oz        Portion   (Black),,,,2500ctn,
cups314c,3 1/4 oz  Portion   (Translucent),,,,3300ctn,
cups314b,3 1/4 oz  Portion   (Black),,,,2500ctn,
cups4,4  oz       Portion   (Translucent),,,,2500ctn,
cups4b,4  oz       Portion   (Black),,,,2500ctn,
cups4be,4  oz       Portion   (Black)   Sleeves         ,,,,,
,PORTION CUPS PAPER:,,,,,
cups4p,4 oz   Paper  Souflfle  portion,,,,5000ctn,
,KIDS CUPS,,,,,
cupk,12 oz kids cups combo w/ lids,,,,500ctn,
,SHOOTER CUPS,,,,,
shooter,1 oz  shooter glass (93-181),,,,1440ctn,
,FOAM CUPS,,,,,
cups4f,4   oz    Foam cups ,,,,1000ctn,
cup8f,8   oz    Foam cups,,,,1000ctn,
cups12f,12 oz    Foam cups ( 12j12),,,,1000ctn,
cups14f,14 oz    Foam cups  (14j14),,,,1000ctn,
,PALSTIC DRINKING CUPS ,,,,,
cup9, 9 oz     (Translucent)  ,,,,2500ctn,
cup12,12 oz   (Translucent) ,,,,1000ctn,
cup14,14 oz   (Translucent) ,,,,1000ctn,
cup16,16 oz   (Translucent) ,,,,1000ctn,
cup20,20 oz   (Translucent) ,,,,1000ctn,
,COFFEE CUPS/Expresso  ,,,,,
Cup8c,8oz Coffee cups single wall     (White),,,,1000ctn,
Cup12c,12 oz Coffee cups single wall  (White),,,,1000ctn,
Cup16c,16 oz Coffee cups single wall  (White),,,,500ctn,
Cup20c,20 oz Coffee cups single wall  (White),,,,500ctn,
expresso,4oz white expresso cups,,,,1000ctn,
,PLATES ,,,,,
plate6f ,6?  Foam Plates  ,,,,1000ctn,
plate9f,9?  Foam Plates,,,,500ctn,
plate10f,10?Foam Plates,,,,125ctn,
plate9,9?   Strong Paper (sage),,,,500ctn,
,FOIL CONTAINER LIDS,,,,,
liddome,1  lb dome lid foil,,,,1000ctn,
pansl,1  lb foil lids  ,,,,1000ctn,
214lid,21/4   Oblong  lid ,,,,500ctn,
steaml,Half  steam  table  lid ,,,,100ctn,
steamlf,Full steam  table   lid,,,,50ctn,
lids9f,9? round foil    (Board lids) ,,,,500ctn,
liddome9,9? Round  lids clear (Dome).,,,,500ctn,
lids7f,7? round foil    (Board lids) ,,,,500ctn,
,FOAM CUP LIDS,,,,,
lids4f,4  oz plastic lids for foam cups ,,,,1000ctn,
lids8f,8  oz tear off lids for foam cups (8j8),,,,1000ctn,
lids12f,12 oz tear off lids for foam cups (12j12),,,,1000ctn,
,DELI LIDS,,,,,
delil,deli container lids clear (8oz-16oz-32oz),,,,500ctn,
delilp,Pineapple container lids   ,,,,500ctn,
,PLASTIC CUP LIDS (beer),,,,,
lids14,14 oz lids (Translucent),,,,1000ctn,
lid20,20 oz lids (Translucent),,,,1000ctn,
lid16/20,16  & 20 oz lids  x-slot,,,,1000ctn,
,COFFEE CUPS LIDS,,,,,
lidscd,Coffee  lids  (Black)    Fits 12- 16 -20  0Z,,,,1000ctn,
Lidsc8,Coffee  lids  (Black)    Fits  8 oz,,,,1000ctn,
,PORTION CUP LIDS,,,,,
lids1,1 oz lids clear,,,,5000ctn,
lids2,2 oz lids clear,,,,2500ctn,
lids34,3 1/4  & 4 oz lids clear,,,,2500ctn,
,CUTLERY KIT  (SPEEDY KITS),,,,,
cutleryt,"Kit   (91-991)     (N,F,K,S,P,T)   (White) ",,,,500ctn,
cutlerytc,"Kit   (MK-97)     (N,F,K,S,P,T)   (White)",,,,500ctn,
cutlery,"Kit   (91-990)     (N,F,K,S,P)      (White)",,,,500ctn,
cutleryw,"Kit   (91-993)     (N,F,K,S,P,T,W) (White)",,,,1000ctn,
cutleryb,"Kit  (Mk-551      (N,F,K,S,P)      (Black)",,,,500ctn,
cutlerywb,"Kit  (MK-651)    (N,F,K,S,P,W)  (Black)",,,,500ctn,
cutlerysb,"Kit   (91-981)    (N,F,K,S,P,SS)  (Black)",,,,500ctn,
,Bulk cutlery,,,,,
forkc,Forks     (Bulk),,,,1000ctn,
knivesc,Knifes   (Bulk),,,,1000ctn,
spoonsc,Soup Spoons    (Bulk),,,,1000ctn,
forksw,Forks                (Bulk)   Individualy    Wrapped,,,,1000ctn,
knifew,Knifes              (Bulk)   Individualy    Wrapped,,,,1000ctn,
spoonw,Soup Spoons    (Bulk)   Individualy    Wrapped,,,,1000ctn,
,Bulk cutlery,,,,,
coffees,Coffee stirrer 7? ,,,,1000pcs,
stir,Coffee stirrer 4? ,,,,10x1000pcs,
mud4.5,Muddlers 4.5?  (92-945) ,,,,2000pcs,
mud6,Muddlers 6?     (92-942),,,,2000pcs,
sip5r,Sip&mix 5?      (92-751)   (Red striped),,,,1000pcs,
sipe,Sip&mix 5?      (92-755)   (Black),,,,1000pcs,
strawc6b,6? Black cocktail straws  (92-785)            ,,,,9x500pcs,
strawc6bc,6? Black cocktail straws  (92-785c),,,,20x500pcs,
strawc6be,6? Black cocktail straws   (92-785)  ,,,,1X500pcs,
strawc6bs,6? Black super cocktail straws  (92-815)   ,,,,9x500pcs,
strawc6bsc,6? Black super cocktail straws  (92-815c),,,,20X500pcs,
strawc6bse,6? Black super cocktail straw (92815) ,,,,1X500pcs,
strawc6r,6? red cocktail straws  (92-781)                  ,,,,9x500ctn,
strawc6rc,6? red cocktail straws  (92-780c),,,,20x500ctn,
Strawc8b,8? Black cocktail straws  (92-795,,,,9x500ctn,
Strawc8bc,8? Black cocktail straws  (92-795c),,,,20x500ctn,
Strawc8be,8? Black cocktail straws  (92-795) ,,,,1x500pcs,
Strawc8bs,8? Black  super cocktail straws  (92-825)   ,,,,9x500ctn,
Strawc8bsc,8? Black  super cocktail straws  (92-825c),,,,20x500ctn,
Strawc8bse,8? Black super cocktail straws   ( 92-825),,,,1x500pcs,
strawf,8? flexible straws  red & white stripe (92-237),,,,50x250pcs,
strawfe,8? flexible straws  red & white stripe (92-237),,,,1x250pcs,
Strawf -w,8? flexible straws  (white) (92-237),,,,50x250pcs ,
strawfwe,8? flexible straws  (white) (92-237),,,,1x250pcs,
strawfww,8? flexible straws  (white wrapped),,,,50x250ctn,
strawfwwe,8? flexible straws  (white wrapped),,,,1x250pcs,
strawsff,"8"" Flex **Fluo**Assorted (92-1379)",,,,9X500,
strawm,8? milkshake straws  (92-057) ,,,,50x250ctn,
strawme,8? milkshake straws  (92-057) ,,,,1x250pcs,
strawr,8? Regular straws  (white) (92-037),,,,50x500ctn,
strawre,8? Regular straws  (white) (92-037) ,,,,1x500pcs,
strawm10,10? milkshake straws  (92-056)                 ,,,,50x250ctn,
strawm10e,10? milkshake straws  (92-056)                 ,,,,250pcs,
strawc10bsc,10? Black cocktail straws  (92-835c),,,,20x500ctn,
strawc10bsce,10? Black cocktail straws  (92-835) ,,,,500pcs,
,STRAWS&STIR STICKS  ,,,,,
coffees,Coffee stirrer 7? ,,,,1000pcs,
stir,Coffee stirrer 4? ,,,,10x1000pcs,
mud4.5,Muddlers 4.5?  (92-945) ,,,,2000pcs,
mud6,Muddlers 6?     (92-942),,,,2000pcs,
sip5r,Sip&mix 5?      (92-751)   (Red striped),,,,1000pcs,
sipe,Sip&mix 5?      (92-755)   (Black),,,,1000pcs,
strawc6b,6? Black cocktail straws  (92-785)            ,,,,9x500pcs,
strawc6bc,6? Black cocktail straws  (92-785c),,,,20x500pcs,
strawc6be,6? Black cocktail straws   (92-785)  ,,,,1X500pcs,
strawc6bs,6? Black super cocktail straws  (92-815)   ,,,,9x500pcs,
strawc6bsc,6? Black super cocktail straws  (92-815c),,,,20X500pcs,
strawc6bse,6? Black super cocktail straw (92815) ,,,,1X500pcs,
strawc6r,6? red cocktail straws  (92-781)                  ,,,,9x500ctn,
strawc6rc,6? red cocktail straws  (92-780c),,,,20x500ctn,
Strawc8b,8? Black cocktail straws  (92-795,,,,9x500ctn,
Strawc8bc,8? Black cocktail straws  (92-795c),,,,20x500ctn,
Strawc8be,8? Black cocktail straws  (92-795) ,,,,1x500pcs,
Strawc8bs,8? Black  super cocktail straws  (92-825)   ,,,,9x500ctn,
Strawc8bsc,8? Black  super cocktail straws  (92-825c),,,,20x500ctn,
Strawc8bse,8? Black super cocktail straws   ( 92-825),,,,1x500pcs,
strawf,8? flexible straws  red & white stripe (92-237),,,,50x250pcs,
strawfe,8? flexible straws  red & white stripe (92-237),,,,1x250pcs,
Strawf -w,8? flexible straws  (white) (92-237),,,,50x250pcs ,
strawfwe,8? flexible straws  (white) (92-237),,,,1x250pcs,
strawfww,8? flexible straws  (white wrapped),,,,50x250ctn,
strawfwwe,8? flexible straws  (white wrapped),,,,1x250pcs,
strawsff,"8"" Flex **Fluo**Assorted (92-1379)",,,,9X500,
strawm,8? milkshake straws  (92-057) ,,,,50x250ctn,
strawme,8? milkshake straws  (92-057) ,,,,1x250pcs,
strawr,8? Regular straws  (white) (92-037),,,,50x500ctn,
strawre,8? Regular straws  (white) (92-037) ,,,,1x500pcs,
strawm10,10? milkshake straws  (92-056)                 ,,,,50x250ctn,
strawm10e,10? milkshake straws  (92-056)                 ,,,,250pcs,
strawc10bsc,10? Black cocktail straws  (92-835c),,,,20x500ctn,
strawc10bsce,10? Black cocktail straws  (92-835) ,,,,500pcs,
,PICK/ SKEWERS ,,,,,
umb,Umbrella / parasol picks,,,,,
tooth,Toothpicks : Mint cellophane Wrapped   ,,,,10x1000,
chop,Chopsticks : ó Wrapped,,,,100pcs,
steakm,Steak marker   (Medium),,,,2000ctn,
steakmr,Steak marker   (Medium rare),,,,2000ctn,
steakmw,Steak marker   (Medium well),,,,2000ctn,
steakr,Steak marker   (Rare),,,,2000ctn,
steakw,Steak marker   (well done),,,,2000ctn,
skewer4.5,4.5? wooden skewers ,,,,1000pcs,
skewer7,7?  wooden skewers,,,,1000pcs,
bamboo6,6? Bamboo skewer ,,,,250pcs,
bamboo8,8? Bamboo skewer,,,,100pcs,
bamboo4,4? knotted bamboo skewer,,,,100pcs,
bamboo6r,6? bamboo skewer rifle shaped,,,,25x100,
frill3,3? frill picks  (Assorted box),,,,10000pcs,
frill4,4? frill picks  (Assorted box),,,,1000pcs,
ice,3.5 ? ice pick clear ,,,,4x500,
ice4,4.5?  ice pick clear   (92-957),,,,4x500,
sword3a,3? sword picks  (Assorted),,,,2000pcs,
sword3b,3? sword picks  (black),,,,2000pcs,
,LINERS / GREASEPROOF ,,,,,
Linergp12c1,12x12 Chocolate greaseproof,,,,1000ctn,
Linergp14c1,14x14 Chocolate greaseproof,,,,1000ctn,
linergpblack,12?x12? greaseproof black checkered  (172046),,,,1000ctn,
linergpblue,12?x12? greaseproof blue checkered ,,,,1000ctn,
linergpgreen,12?x12? greaseproof green checkered ,,,,1000ctn,
linergpred,12?x12? greaseproof red checkered      (172045),,,,1000ctn,
wax,12?x12? Wax  Sulphite ,,,,1000ctn,
peach,8x11 peach paper,,,,1000ctn,
scalep,Scale paper (4x1000pcs),,,,2000ctn,
silicone,16.4x24.40   (SILICONE),,,,1000ctn,
quinlon,16.4x24.40  ( QUINLON) ,,,,1000ctn,
patty,5 1/4 x5 1/4        ,,,,1000pcs,
waxt,5 1/2 x9 wax tissue,,,,1000pcs,
,Bulk cutlery,,,,,
Delisheets8,Deli sheets (  8x10.75),,,,1000ctn,
delisheets10,Deli sheets (  10x12),,,,1000ctn,
foilinsul12,Insulated foil  12x12,,,,1000ctn,
foilinsul,Insulated foil  14x14,,,,1000ctn,
foilinsul16,Insulated foil  14x16,,,,1000ctn,
film18,18 X 2000 ft. Film wrap with cutter box,,,,1,
film12,12 X 3000 ft. Film wrap with cutter box,,,,1,
film17r,17? x 2000 refill wrap  (3pk),,,,3rolls,
foil,Foil 45?cm x 100m  ,,,,1,
Foil1000,Foil 45 cm x ( 304.80m)  (1000feet),,,,1,
meat14,14.5?meat film  (5000feet) ,,,,1,
meat15,15?   meat film  (5000feet) ,,,,1,
meat17,17?   meat film  (5000feet) ,,,,1,
meatwrap,18? meat warp   (white paper),,,,1,
pfoil,Pop up foil sheets  (9x10 ó)  (6x500sheets),,,,(6x500sheets),
pfoile,Pop up foil sheets  (9x10 ó)  (1x500sheets),,,,500pcs,
,WRAP/FILM/FOIL ROLLS,,,,,
wet,    Wetnap  ,,,,1000ctn,
swipes200,**Blue** foodservice swipe,,,,200ctn,
swipes,**Blue** foodservice swipe,,,,100ctn,
swipess,**Salmon ** foodservice swipe,,,,200ctn,
,PAPER TOWEL,,,,,
kraft205,8? x 205 ft Kraft,,,,24 rolls,
kraft600,8? X 600 ft. Kraft ,,,,12rolls,
wtowel,8? X 600 ft  White,,,,12rolls,
centerpullw,White Center pull towel -2ply ,,,,6 rolls,
cfold,C-fold white                ,,,,(16x150),
cfoldc,C-fold white                ,,,,(20x150),
enmotion,Enmotion towels         ,,,, (6x800?),
towelc,White single fold  5000       ,,,,5000pcs(20x250) ,
towel,White single fold         ,,,,(16x250),
towelb,Kraft single fold,,,,16x250),
,Kraft single fold  5000,,,,5000pcs(20x250),
kraftm,Kraft  multifold fold   (16x250),,,,(16x250),
multifold,White multifold fold  (16x250),,,,(16x250),
whitetowel,8? white household  2-ply (Cascade) 172sheets,,,,12ctn,
facial,Facial tissue   (30x100),,,,3000ctn,
,TOILET PAPER,,,,,
jrt,Jumbo toilet tissue 2-ply (12x1000ft)       ,,,,12 rolls,
jrt8,Jumbo toilet tissue 2-ply (800ft)       ,,,,8rolls,
jrtm,Jumbo Mini Max   2-ply (18x750ft) ,,,,18 rolls,
Jrtm12,Jumbo Mini Max   2-ply (12x750ft),,,,12rolls,
tt80,2- ply Scotts toilet tissue 550 sheets (80rolls),,,,80rolls,
,NAPKINS,,,,,
bev,Beverage  napkins 1ply ,,,,4000ctn,
bev16,Beverage  napkins 1ply,,,,8000ctn,
bev2,Beverage  napkins 2ply ,,,,4000ctn,
bev2b,Beverage (2 PLy) **BLACK** ,,,,5000ctn,
dinner1,Dinner Napkins     1 ply       (30x100) ,,,,3000ctn,
dinner1c,Dinner Napkins     1 ply        ,,,,5000ctn,
dinner2,Dinner Napkins     2ply        (30x100),,,,3000ctn,
dinner2t,Dinner Napkins     2ply  ***(Tork),,,,3000ctn,
dinner1k,Dinner Napkins     1ply  Kraft ***(Tork)  ,,,,3000ctn,
dinnerm,Dinner Napkins  **Mocha ** 2-ply,,,,3000ctn,
lunchnap,Luncheon napkin   13x12?,,,,6000ctn,
jrd,Tall fold  napkins 1ply  (junior dispenser),,,,9000ctn,
linennap,16x16  linen like (flat),,,,1000ctn,
,DOILIES ,,,,,
doillies5, 5?  Doillies ,,,,1000pcs,
doillies6, 6?  Doillies ,,,,1000pcs,
doillies7, 7?  Doilies,,,,500pk,
Dollies8, 8?  Doillies,,,,500pk,
doilies10,10? Doilies ,,,,500pk,
,MISCELLANEOUS,,,,,
candles24,Candle : Spiral,,,,24pk,
spark,Sparkles 6.5?,,,,8pk,
flagc,Canadian flags   (144pkg),,,,144pk,
balloons,12? assorted balloons ,,,,12pcs,
flagi,Italian flags        (144pkg) ,,,,144pk,
placewel,Placemats (welcome)   9 «  x13 «  ,,,,On request,
place,Placemats (sea theme) 9 «  x13 «  ,,,,1000pcs,
server,Server pads 3x5 custom print,,,,200ctn,
coffee,Coffee filter  ,,,,(2x500),
cone,Cone fry filters 10?,,,,50pcs,
grill,Grill bricks ,,,,12ctn,
pizza,Pizza stands ,,,,2000pcs,
treasure,Treasure toys ( mixed),,,,200ctn,
twist,Twist ties 4? ,,,,25000x2,
twistt,Twist ties 4?  TT4GP,,,,25x2000,
soapd, Liquid Soap dispenser  ,,,,1,
jrtdisp,Jumbo toilet roll dispenser (twin) ,,,,1,
jrtdisps,Jumbo toilet roll dispenser (single) 163076,,,,1,
toweld,Paper towel dispenser  **vista**,,,,1,
,,,,,,
banquet ,Plastic banquet rolls  40x300 feet ,,,,1,
kraftroll,18? Kraft roll (1050ft)  Table cover,,,,1,
,,,,,,
urinalbu,Urinal screen ? Bubblegum ,,,,12pcs,
urinalb,Urinal screens with pucks : Citrus Blue ,,,,12pcs,
urinalc,Urinal screens with pucks : Cherry,,,,12pcs,
,Napkin bands,,,,,
nb,Napkin bands  White,,,,20000ctn,
nbblu,Napkin bands   Blue,,,,20000ctn,
nbbu,Napkin bands   Burgundy,,,,20000ctn,
nbg,Napkin bands   Hunter green,,,,20000ctn,
nbr,Napkin bands   Red  ,,,,20000ctn,
,Masks/Hairnets,,,,,
facem,Facial Masks,,,,,
beard,Beardnets  18? white,,,,100ctn,
hair,Hairnets 21? invisible brown  ,,,,144pcs,
hair24,Hairnets 24? invisible brown  ,,,,144pcs,
,CLEANING  SUPPLIES,,,,,
det,Detergent  (18.2kg),,,,1x18kgs,
mop,Mop Heads 20 oz ,,,,1psc,
mop24,Mop Heads 24 oz ,,,,1psc,
scourg,Scour  Pads 6x9 Green (10pk) ,,,,10pcs,
scourss,Scour  Pads Stainless steel  (12pk) ,,,,12pcs,
Soap,Pink hand soap lotion (4x4L) ,,,,(4x4L),
soapp,White pearl Anti-bacterial hand soap (4x4L) ,,,,(4x4L),
steelwool,Steel wool pads (SOS) 144/CTN,,,,144ctn,
,TAPES,,,,,
mask24,Masking Tape 24mmx55mm ,,,,1roll,
mask36,Masking Tape 36mmx55mm,,,,1roll,
mask48,Masking Tape 48mmx55mm,,,,1roll,
tapep,Packing  Tape 48mmx100mm (clear),,,,36ctn,
,MARKERS/ PENS ,,,,,
cray,Crayons : Generic (Bulk),,,,4800ctn,
cray1,Crayon  : Generic (1000x3),,,,3000ctn,
cray4,Crayons : Generic (1000x4),,,,4000ctn,
staples,Staples Standard 500 ,,,,1X500pcs,
env8,Envelopes #8 (White)  (              ,,,,1X80pcs,
elastic,Elastic Bands   (Red)   size.32 1LB,,,,,
env10,Envelopes #10 (White)  ( ,,,,40pk,
env10s,Envelopes #10 Security (White)  (30pk),,,,1x30pk,
index,Index cards 3x11,,,,1x100pcs,
correct,Correction fluid ,,,,2pcs,
coin,Coin rollers ,,,,           36pcs,
cp11,8 1/2 x11 copy paper,,,,5000pcs,
cp11e,8 1/2 x11 copy paper  (500pk),,,,           500pcs,
chinab,China Markers (Black) (12pk),,,,12pk,
dry,Dry Erase Markers     Assorted ,,,,8pk,
dryb,Dry Erase Markers   Black,,,,12pk ,
high,Highlighter Markers   ,,,,12pk,
pen,Pens),,,,12pk,
pencil,Pencil ,,,,20pk,
perm,Permanent markers (Black) (12pk),,,,12pk,
sharpie,Sharpie Markers (12pk) ,,,,12pk,
pins,Clear push pins   (100pk),,,,100pk,
,LABELS,,,,,
,Scale labels,,,,,
tec9000,Tec SL 9000 Continuous labels ,,,,48ctn,
tecsl66,Tec SL 66  (LB),,,,40ctn,
tecsl66K,Tec SL 66  (KGS),,,,40ctn,
digism90,Digi SM 90        (380/ Roll),,,,48ctn,
digism90m,Digi SM 90        (750/ Roll) (Meat Scale),,,,48ctn,
digi,Digi SM 25/70   (900 roll),,,,36ctn,
bizerba60,Bizerba Direct Thermal  58mmx60mm  (720/roll),,,,40ctn,
bizerba75,Bizerba Direct Thermal  58mmx75mm  (600/roll),,,,40ctn,
bizerbar,Bizerba Direct Red Strip 57mmx42mm (1000/roll),,,,40ctn,
ttl,4?x6? thermal transfer  (10x1000),,,,10ctn,
,Food  labeling,,,,,
lexan,Lexan shelf  life labels (500/roll),,,,1x1000pcs,
99,$.99   label,,,,1x1000pcs,
1.99,$1.99 label,,,,1x1000pcs,
2.99,$2.99 labels,,,,1x1000pcs,
use1,1.5 ? Use first labels,,,,1x500pcs,
ddm,ó? Day dot labels   (Monday),,,,2000/roll,
ddt,ó? Day dot labels   (Tuesday),,,,2000/roll,
ddw,ó? Day dot labels   (Wednesday),,,,2000/roll,
ddth,ó? Day dot labels   (Thursday),,,,2000/roll,
ddf,ó? Day dot labels   (Friday),,,,2000/roll,
dds,ó? Day dot labels   (Saturday),,,,2000/roll,
ddsu,ó? Day dot labels   (Sunday),,,,2000/roll,
dddam,Dissolve Away Day dot labels   (Monday),,,,1000/roll,
dddat,Dissolve Away Day dot labels   (Tuesday),,,,1000/roll,
dddaw,Dissolve Away Day dot labels   (Wednesday),,,,1000/roll,
dddath,Dissolve Away Day dot labels   (Thursday),,,,1000/roll,
dddaf,Dissolve Away Day dot labels   (Friday),,,,1000/roll,
dddas,Dissolve Away Day dot labels   (Saturday),,,,1000/roll,
dddasu,Dissolve Away Day dot labels   (Sunday),,,,1000/roll,
shelfm,2 x 2 Shelf Life Dissolve-A-Way (Monday),,,,250/roll,
shelft,2 x 2 Shelf Life Dissolve-A-Way (Tuesday),,,,250/roll,
shelfw,2 x 2 Shelf Life Dissolve-A-Way (Wednesday),,,,250/roll,
shelfth,2 x 2 Shelf Life Dissolve-A-Way (Thursday),,,,250/roll,
shelff,2 x 2 Shelf Life Dissolve-A-Way (Friday) ,,,,250/roll,
shelfs,2 x 2 Shelf Life Dissolve-A-Way (Saturday) ,,,,250/roll,
shelfsu,2 x 2 Shelf Life Dissolve-A-Way (Sunday) ,,,,250/roll,
,TONNERS /RIBBONS/DRUMS ,,,,,
br115,Brother TN 115  Blk            (Comp),,,,1,
br115c,Brother TN 115  Cyan          (Comp),,,,1,
br115m,Brother TN 115 Magenta      (Comp),,,,1,
br115y,Brother TN 115 Yellow        (Comp),,,,1,
br350,Brother TN 350 Toner          (Comp),,,,1,
br360,Brother TN 360 Toner          (Comp),,,,1,
br360o,Brother TN 360 Toner         (OEM),,,,1,
br450,Brother TN 450 Toner         (Comp),,,,1,
br450o,Brother TN 450 Toner         (OEM),,,,1,
br560,Brother TN 560 Toner         (Comp),,,,1,
br570,Brother TN 570 Toner         (Comp),,,,1,
brotn580,Brother TN 580 Toner         (Comp),,,,1,
br301,Brother Fax Cartridge (301),,,,1,
br201,Brother Fax Cartridge (201),,,,1,
hp1012/q2612a,HP1012               (Comp)      FX104,,,,1,
hp1100,HP1100               (Comp)     (C4092A),,,,1,
hp1300,HP1300               (Comp)     (Q2613X),,,,1,
hp1320,HP1320               (Comp),,,,1,
hp7553x,HP 2015              (Comp)    (Q7553X),,,,1,
hpc4096a,HP  2100/2200    (Comp) (C4096A),,,,1,
hpc4127x,HP  4000 /4050   (Comp) (4127X),,,,1,
hpc7115,HP  1200             (Comp)(C7115X),,,,1,
hpcb435a,HP P1005            (Comp)(CB435A),,,,1,
hpcb436a,HP P1505            (Comp)(CB4365A),,,,1,
hpcb540a,HP CP1215         (Comp)   (CB540A)              ,,,,1,
hpcb540ak,HP CP1215         (Comp)   (CB540AK),,,,1,
hpcb541ac,HP CP1215/ 1515N  (Comp)   (CB541A) CYAN,,,,1,
hpcb541am,HP CP1215/1515N   (Comp)   (CB541A) MAG,,,,1,
hpcb542ay,HP CP1215/1515N   (Comp)   (CB542A) YELL,,,,1,
hpcb543am,HP CP1215 /1515N  (Comp)   (CB543A) MAG,,,,1,
hpce278a,HP M1530                (Comp)    (CE278A),,,,1,
hpce285a,HP P 1102                 (Comp)   (CE285A)           ,,,,1,
hpce505a,HP P 2035                 (Comp)   (CE505A)  ,,,,1,
hpq2672a,HP3500N                  (Comp)   (Q2672A),,,,1,
hpq2673a,HP 3500/ 3550          (Comp)   (Q2673A) MAGE,,,,1,
hpce320a,Hp ce320 a                (Comp)    (BLACK) ,,,,1,
hpce320c,Hp ce320 a                (Comp)    (CYAN) ,,,,,
hpce320y,Hp ce320 a                (Comp)    (YELLOW) ,,,,,
hpce320m,Hp ce320 a                (Comp)    (MAGENTA) ,,,,,
hpq3961a,HP 2550/2840           (OEM)    (Q3961A) BLK,,,,1,
hp5949,HP  LJ 1320              (Q5949X),,,,1,
hpq3962a,HP 2550/2840           (OEM)    (Q3962A)YELL,,,,1,
hpq39973a,HP 2550/2840           (OEM)    (Q3973A)MAG,,,,1,
hpq5942x,HP 4340/4350/4250  (Comp)   (Q5942X),,,,1,
hp3600,HP 3600 /3800          (Q6470A)       ,,,,1,
hp3600y,HP 3600 /3800          (Q6470A)       ,,,,1,
hp3600blue,HP 3600 /3800          (Q6470A)       ,,,,1,
hp3600red,HP 3600 /3800          (Q6470A)       ,,,,1,
hp5L,HP 5L ,,,,1,
hp6l,HP 6L ,,,,1,
hpq7551a,HP P3005/M3035      (Comp)  (Q7551A) ,,,,1,
2840black,HP 2840 /BLK           (Q3960A)        ,,,,1,
2840blue,HP2840/ CYAN         (Q3961A),,,,1,
2840red,HP2840/YELLOW    (Q3962A),,,,1,
2840yellow,HP2840/MAGENTA (Q3963A),,,,1,
sam1610,Samsung/ ML1610,,,,1,
sam1710,Samsung/ ML1710,,,,1,
sam4521,Samsung SCX 4521       (Comp)  (ML1610/2010/2510),,,,1,
sam407,Samsung CLT-K 407S   (OEM) ,,,,1,
sam4826,Samsung SCX 4826       (Comp)  (4826/4824),,,,,
lex120,Lexmark E120,,,,1,
lex12A8405,Lexmark 12A8405 BLK,,,,1,
lex210o,Lexmark E210                 (OEM),,,,1,
lex230,Lexmark E230/232          (Comp),,,,1,
lex250,Lexmark E250      BLK   (CE250S),,,,1,
lex260o,Lexmark E260                 (OEM),,,,1,
lex340/42,Lexmark X340/42           (Comp)  ,,,,1,
lex340o,Lexmark X340/42           (OEM)  ,,,,1,
lex640,Lexmark T640                 (Comp)  (HY ),,,,1,
ca40,Canon E40          (Comp),,,,1,
can104,Canon Fx104      (Comp),,,,1,
xerox2500/280,Xerox / HP2500/2800    Blk        (F9116),,,,1,
xerox2500c,Xerox / HP2500/2800    Cyan     (F9117),,,,1,
xerox2500m,Xerox / HP2500/2800    Magenta(F9118),,,,1,
xerox2500y,Xerox / HP2500/2800    Yellow  (F9119),,,,1,
xerox4l,Xerox/ HP- 4L/74A                     (F9174),,,,1,
xerox3220 ,Xerox 3220  toner  (Hy),,,,,
dell1710,Dell 1710         (Comp),,,,1,
dell1815,Dell 1815         (Comp),,,,1,
,DRUMS,,,,,
lex340d,Lexmark 340 H226 (Drum),,,,1,
hp2840d,Drum  Hp 2840 (OEM)(364A) ,,,,1,
br350dr,Drum  Brother  (Dr350),,,,1,
Brotn360d,Drum  Brother  (Dr360d)(Comp),,,,1,
,RIBBONS,,,,,
erc38,ERC -34/38   (Black / Red),,,,1,
erc38p,ERC -34/       (Purple),,,,1,
erc32,ERC -32        (Black / Red),,,,1,
erc38p,ERC -32        (Purple),,,,1,
erc31,ERC -31        (Black / Red),,,,1,
erc31P,ERC -31        (Purple),,,,1,
erc23,ERC -23        (Black / Red),,,,1,
erc03,ERC -03          ,,,,1,
sp200,STAR  SP200    (Black/Red),,,,1,
sp200p,STAR  SP200    (Purple),,,,1,
sp300,STAR  SP300    (Black/Red),,,,1,
ncr2140,NCR- 2140,,,,1,
dp600,DP600  ,,,,1,
oki182,Okidata  ML-182,,,,1,
amano,Time clock ribbons Amano,,,,1,
calcrb,Calculator Ribbons  (Black/Red),,,,1,
calcrp,Calculator Ribbons  (PURPLE),,,,1,
ir40,Citizen IR40 Cassette ribbons,,,,1,
ir41,Citizen IR41 Cassette ribbons,,,,1,
ir51,Citizen IR51 Cassette ribbons,,,,1,
ir71,Citizen IR71 Cassette ribbons,,,,1,
,CASH REGISTER ROLLS ,,,,,
t318,3 1/8 x 200 ft. Thermal ,,,,50ctn,
t318273,3 1/8 x 273 ft. Thermal rolls ,,,,50ctn,
t318218,3 1/8 x2 1/8 (115 feet) ,,,,50ctn,
t318218c,3 1/8 x2 1/8 (115 feet) ,,,,100ctn,
tc,3 1/8  Thermal  (Colour),,,,50ctn,
t3,3 ? Thermal ,,,,50ctn,
t21430,2 ¬ X 30 ft. Thermal rolls  (Debit- Wireless)  ,,,,100ctn,
t21450,2 ¬ X 50 ft. Thermal rolls  (Debit- Wireless)  ,,,,100ctn,
t21475,2 ¬ X 75 ft. Thermal rolls  (Debit),,,,100ctn,
t214,2 ¬ X 200ft Thermal rolls  (CASIO),,,,50ctn,
t220z,220Z  Thermal(1 ó) SHARP /ERA410/ ERA450,,,,50ctn,
t27/16,2 7/16 Thermal ,,,,50ctn,
t238,2 3/8   Thermal (ATM),,,,12ctn,
3,3?printer  (Bond),,,,50ctn,
32,3?  2ply  White & yellow ,,,,50ctn,
33,3?  3ply  White & yellow& Pink,,,,50ctn,
201rd,1 « ? Cash Register (201RD) ,,,,100ctn,
234,2 ó x3 printer rolls ,,,,50ctn,
2342,2 ó x3 2ply  printer rolls,,,,50ctn,
314312,3 ¬ x 200 Feet  ,,,,48ctn,
3142,3 ¬ x 2ply   ,,,,48ctn,
220Z,(1 ó) Cash Register  220Z ,,,,100ctn,
412,4 « Printer Roll ,,,,25ctn,
4122,4 «  2Ply   Printer Roll ,,,,25ctn,
8716,8 7/16 x 4 1/2 ,,,,12ctn,
calc,2 ¬ x2 ó Calculator,,,,50ctn,
calce,2 ¬  Calculator  rolls ,,,,1 roll,
ncr177,3 ¬ x3 « NCR 177Z,,,,48ctn,
912rvlp2,91/2 x11 rvlp 2 part,,,,1750ctn ,
